feature,odds_ratio,ci_2p5,ci_97p5
friction_z,6.064488930142765,5.762330012432588,6.4421538560070655
