feature,odds_ratio,ci_2p5,ci_97p5,target
neg_control_z,1.0033520931634052,0.9764356848849007,1.0348787127619283,ticket_flag_filled
neg_control_z,0.9996742050259697,0.9735573829877728,1.0299851802945441,resolved_flag_filled
