feature,odds_ratio,ci_2p5,ci_97p5
friction_z,6.110831232165744,5.752837747793838,6.491102302047842
