feature,odds_ratio,ci_2p5,ci_97p5
friction_z,0.19359009826853088,0.1828960576392286,0.20490942577638774
