feature,odds_ratio,ci_2p5,ci_97p5
friction_z,0.19424195863931062,0.183559660902256,0.2055459152113303
