feature,odds_ratio,ci_2p5,ci_97p5
friction_z,6.070015455000386,5.716103863648058,6.445839421894051
